{
	"format_version": "1.12.0",
	"minecraft:geometry": [
		{
			"description": {
				"identifier": "geometry.unknown",
				"texture_width": 64,
				"texture_height": 64,
				"visible_bounds_width": 3,
				"visible_bounds_height": 3.5,
				"visible_bounds_offset": [0, 1.25, 0]
			},
			"bones": [
				{
					"name": "bipedHead",
					"pivot": [0, 24, 0]
				},
				{
					"name": "armorHead",
					"parent": "bipedHead",
					"pivot": [0, 24, 0],
					"cubes": [
						{"origin": [4, 24, -5], "size": [1, 8, 9], "uv": [0, 0]},
						{"origin": [-5, 24, -5], "size": [1, 8, 9], "uv": [0, 0]},
						{"origin": [-5, 24, -5], "size": [1, 8, 10], "pivot": [0, 24, 0], "rotation": [0, 90, 0], "uv": [0, 0]},
						{"origin": [-9, 19, -5], "size": [1, 10, 10], "pivot": [0, 24, 0], "rotation": [90, 0, 90], "uv": [0, 0]},
						{"origin": [-4, 29, -5], "size": [8, 3, 1], "uv": [0, 0]},
						{"origin": [-4, 24, -5], "size": [3, 3, 1], "uv": [0, 0]},
						{"origin": [1, 24, -5], "size": [3, 3, 1], "uv": [0, 0]}
					]
				},
				{
					"name": "bipedBody",
					"pivot": [0, 24, 0]
				},
				{
					"name": "armorBody",
					"parent": "bipedBody",
					"pivot": [0, 24, 0],
					"cubes": [
						{"origin": [-4, 12, -4], "size": [8, 12, 2], "uv": [0, 0]},
						{"origin": [-4, 12, 2], "size": [8, 12, 2], "uv": [0, 0]}
					]
				},
				{
					"name": "bipedRightArm",
					"pivot": [-4, 22, 0]
				},
				{
					"name": "armorRightArm",
					"parent": "bipedRightArm",
					"pivot": [-4, 22, 0],
					"cubes": [
						{"origin": [-9, 13, -3], "size": [5, 11, 1], "uv": [0, 0]},
						{"origin": [-9, 12, 2], "size": [5, 12, 1], "uv": [0, 0]},
						{"origin": [-9, 11, -2], "size": [1, 13, 4], "uv": [0, 0]},
						{"origin": [-8, 24, -3], "size": [3, 1, 6], "uv": [0, 0]}
					]
				},
				{
					"name": "bipedLeftArm",
					"pivot": [4, 22, 0]
				},
				{
					"name": "armorLeftArm",
					"parent": "bipedLeftArm",
					"pivot": [4, 22, 0],
					"cubes": [
						{"origin": [8, 11, -2], "size": [1, 13, 4], "uv": [0, 0]},
						{"origin": [4, 13, -3], "size": [5, 11, 1], "uv": [0, 0]},
						{"origin": [4, 12, 2], "size": [5, 12, 1], "uv": [0, 0]},
						{"origin": [5, 24, -3], "size": [3, 1, 6], "uv": [0, 0]}
					]
				},
				{
					"name": "bipedLeftLeg",
					"pivot": [-2, 12, 0]
				},
				{
					"name": "armorLeftLeg",
					"parent": "bipedLeftLeg",
					"pivot": [0, 12, -16],
					"cubes": [
						{"origin": [4, 2, -2], "size": [1, 10, 4], "uv": [0, 0]},
						{"origin": [0, 2, -2], "size": [1, 10, 4], "uv": [0, 0]},
						{"origin": [0, 2, 2], "size": [4, 10, 1], "uv": [0, 0]},
						{"origin": [0, 2, -3], "size": [4, 10, 1], "uv": [0, 0]}
					]
				},
				{
					"name": "armorLeftBoot",
					"parent": "bipedLeftLeg",
					"pivot": [-2, 12, 0],
					"cubes": [
						{"origin": [0, -1, -4], "size": [5, 3, 7], "uv": [0, 0]}
					]
				},
				{
					"name": "bipedRightLeg",
					"pivot": [2, 12, 0]
				},
				{
					"name": "armorRightLeg",
					"parent": "bipedRightLeg",
					"pivot": [2, 12, 0],
					"cubes": [
						{"origin": [-5, 2, -2], "size": [1, 10, 4], "uv": [0, 0]},
						{"origin": [-1, 2, -2], "size": [1, 10, 4], "uv": [0, 0]},
						{"origin": [-4, 2, -3], "size": [4, 10, 1], "uv": [0, 0]},
						{"origin": [-4, 2, 2], "size": [4, 10, 1], "uv": [0, 0]}
					]
				},
				{
					"name": "armorRightBoot",
					"parent": "bipedRightLeg",
					"pivot": [2, 12, 0],
					"cubes": [
						{"origin": [-5, -1, -4], "size": [5, 3, 7], "uv": [0, 0]}
					]
				}
			]
		}
	]
}